{
  "A1": [
    50000,
    673205.0807568877
  ],
  "A2": [
    250000,
    673205.0807568877
  ],
  "A3": [
    300000,
    586602.5403784439
  ],
  "A4": [
    300000,
    86602.54037844385
  ],
  "A5": [
    250000,
    0
  ],
  "A6": [
    50000,
    0
  ],
  "A7": [
    0,
    86602.54037844385
  ],
  "A8": [
    0,
    586602.5403784439
  ]
}